benchmark,budget_pct,seed,method,n_hs_train,balanced_acc,precision,recall,f1
iccad1,NA,NA,zero_shot,0,0.5077809531194737,0.2857142857142857,0.017699115044247787,0.03333333333333333
iccad2,NA,NA,zero_shot,0,0.8862001835615017,0.3622119815668203,0.7891566265060241,0.4965255843335439
iccad4,NA,NA,zero_shot,0,0.8926035471509586,0.07625383828045036,0.8418079096045198,0.13984045049272642
iccad5,NA,NA,zero_shot,0,0.98604568107046,0.37037037037037035,0.975609756097561,0.5369127516778524
iccad1,5,0,scratch,5,0.6992649325644426,0.16573816155988857,0.5265486725663717,0.2521186440677966
iccad1,5,0,head_only,5,0.9066479487523808,0.3608617594254937,0.8893805309734514,0.5134099616858238
iccad1,5,0,adapted,5,0.9057018083056095,0.25235849056603776,0.9469026548672567,0.3985102420856611
iccad1,5,1,scratch,5,0.5296911260442535,0.5384615384615384,0.061946902654867256,0.1111111111111111
iccad1,5,1,head_only,5,0.8971019070333083,0.42572062084257206,0.8495575221238938,0.5672082717872969
iccad1,5,1,adapted,5,0.89353153896056,0.2112950340798442,0.9601769911504425,0.3463687150837989
iccad1,5,2,scratch,5,0.5329011947564622,0.049205648720211825,0.9867256637168141,0.0937368642286675
iccad1,5,2,head_only,5,0.8995280172943694,0.4288888888888889,0.8539823008849557,0.5710059171597633
iccad1,5,2,adapted,5,0.8974579508895896,0.31259720062208396,0.8893805309734514,0.4626006904487917
iccad1,10,0,scratch,10,0.5265486725663717,1.0,0.05309734513274336,0.10084033613445378
iccad1,10,0,head_only,10,0.8841680110907898,0.5126760563380282,0.8053097345132744,0.6265060240963856
iccad1,10,0,adapted,10,0.9242283825112014,0.4111776447105788,0.911504424778761,0.5667125171939478
iccad1,10,1,scratch,10,0.5,0.0,0.0,0.0
iccad1,10,1,head_only,10,0.8898434352699975,0.5040871934604905,0.8185840707964602,0.6239460370994941
iccad1,10,1,adapted,10,0.9062162514870623,0.23440860215053763,0.9646017699115044,0.3771626297577855
iccad1,10,2,scratch,10,0.7113401623143891,0.19669421487603306,0.5265486725663717,0.28640192539109505
iccad1,10,2,head_only,10,0.8983407316062921,0.4797979797979798,0.8407079646017699,0.6109324758842444
iccad1,10,2,adapted,10,0.9041665169359613,0.43333333333333335,0.8628318584070797,0.5769230769230769
iccad1,20,0,scratch,20,0.900164924431701,0.25830258302583026,0.9292035398230089,0.40423484119345526
iccad1,20,0,head_only,20,0.8912326209934427,0.5225988700564972,0.8185840707964602,0.6379310344827587
iccad1,20,0,adapted,20,0.942536980332005,0.4095238095238095,0.9513274336283186,0.5725699067909454
iccad1,20,1,scratch,20,0.5,0.04607543323139653,1.0,0.08809198986552329
iccad1,20,1,head_only,20,0.9086863352921262,0.5025906735751295,0.8584070796460177,0.6339869281045751
iccad1,20,1,adapted,20,0.9514933982943938,0.4147727272727273,0.9690265486725663,0.5809018567639257
iccad1,20,2,scratch,20,0.8345998974896307,0.13159454653230587,0.9823008849557522,0.23209618400418192
iccad1,20,2,head_only,20,0.9159013063452406,0.46604215456674475,0.8805309734513275,0.6094946401225115
iccad1,20,2,adapted,20,0.9398021095953111,0.3653198653198653,0.9601769911504425,0.5292682926829269
iccad2,5,0,scratch,9,0.6389762157740362,0.5166051660516605,0.28112449799196787,0.3641092327698309
iccad2,5,0,head_only,9,0.9591803214601833,0.4566929133858268,0.9317269076305221,0.6129458388375165
iccad2,5,0,adapted,9,0.8753298826571723,0.5890625,0.7570281124497992,0.6625659050966608
iccad2,5,1,scratch,9,0.5030120481927711,1.0,0.006024096385542169,0.011976047904191617
iccad2,5,1,head_only,9,0.7855746682793939,0.6875,0.5742971887550201,0.6258205689277899
iccad2,5,1,adapted,9,0.8808091584702897,0.5542691751085383,0.7690763052208835,0.6442388561816653
iccad2,5,2,scratch,9,0.5019474965093558,0.2857142857142857,0.004016064257028112,0.007920792079207921
iccad2,5,2,head_only,9,0.9361502380289719,0.5353658536585366,0.8815261044176707,0.6661608497723824
iccad2,5,2,adapted,9,0.839234608053017,0.6589147286821705,0.6827309236947792,0.6706114398422091
iccad2,10,0,scratch,17,0.968276855788693,0.22186788154897494,0.9779116465863453,0.3616784255477163
iccad2,10,0,head_only,17,0.8387148769420265,0.7136842105263158,0.6807228915662651,0.696813977389517
iccad2,10,0,adapted,17,0.941994477984581,0.6582466567607727,0.8895582329317269,0.7566182749786508
iccad2,10,1,scratch,17,0.6410698729831428,0.7747252747252747,0.28313253012048195,0.4147058823529412
iccad2,10,1,head_only,17,0.812598352147512,0.6955555555555556,0.6285140562248996,0.6603375527426161
iccad2,10,1,adapted,17,0.9458513992042556,0.5233100233100233,0.9016064257028112,0.6622418879056047
iccad2,10,2,scratch,17,0.5459425964791901,0.696969696969697,0.09236947791164658,0.16312056737588654
iccad2,10,2,head_only,17,0.9404931946294549,0.5558343789209536,0.8895582329317269,0.6841698841698842
iccad2,10,2,adapted,17,0.9818117450187208,0.42032730404823426,0.9799196787148594,0.5883062085593731
iccad2,20,0,scratch,35,0.839198286681522,0.6551059730250481,0.6827309236947792,0.6686332350049164
iccad2,20,0,head_only,35,0.9660640236377736,0.4942166140904311,0.9437751004016064,0.6487232574189096
iccad2,20,0,adapted,35,0.7386410380735494,0.9015151515151515,0.4779116465863454,0.6246719160104987
iccad2,20,1,scratch,35,0.9548078993294111,0.3016181229773463,0.9357429718875502,0.45619187469407735
iccad2,20,1,head_only,35,0.8686779662599257,0.7123552123552124,0.7409638554216867,0.7263779527559056
iccad2,20,1,adapted,35,0.9252288829880031,0.6751188589540412,0.8554216867469879,0.7546501328609388
iccad2,20,2,scratch,35,0.8022806028705844,0.7968337730870713,0.606425702811245,0.6887115165336374
iccad2,20,2,head_only,35,0.8042998669091592,0.6573275862068966,0.6124497991967871,0.6340956340956341
iccad2,20,2,adapted,35,0.9857439346226983,0.45128676470588236,0.9859437751004017,0.6191677175283733
iccad4,5,0,scratch,5,0.50555564413689,0.25,0.011299435028248588,0.021621621621621623
iccad4,5,0,head_only,5,0.8417818666921781,0.2536082474226804,0.6949152542372882,0.3716012084592145
iccad4,5,0,adapted,5,0.7596074429580497,0.31958762886597936,0.5254237288135594,0.3974358974358974
iccad4,5,1,scratch,5,0.505398855174833,0.1111111111111111,0.011299435028248588,0.020512820512820513
iccad4,5,1,head_only,5,0.752591004033994,0.46153846153846156,0.5084745762711864,0.4838709677419355
iccad4,5,1,adapted,5,0.8646185776317957,0.20030349013657056,0.7457627118644068,0.3157894736842105
iccad4,5,2,scratch,5,0.5281858719857986,0.7142857142857143,0.05649717514124294,0.10471204188481675
iccad4,5,2,head_only,5,0.680163804603749,0.6153846153846154,0.3615819209039548,0.4555160142348754
iccad4,5,2,adapted,5,0.9423141519311617,0.10926049300466356,0.9265536723163842,0.19547079856972585
iccad4,10,0,scratch,10,0.5112837561320429,0.8,0.022598870056497175,0.04395604395604396
iccad4,10,0,head_only,10,0.820565396941818,0.20350877192982456,0.655367231638418,0.31057563587684067
iccad4,10,0,adapted,10,0.8441677163554804,0.24124513618677043,0.7005649717514124,0.3589001447178003
iccad4,10,1,scratch,10,0.52255183336788,0.7272727272727273,0.04519774011299435,0.0851063829787234
iccad4,10,1,head_only,10,0.6576590079244862,0.6222222222222222,0.3163841807909605,0.41947565543071164
iccad4,10,1,adapted,10,0.9195295268162273,0.25208681135225375,0.8531073446327684,0.38917525773195877
iccad4,10,2,scratch,10,0.5789706140280945,0.7777777777777778,0.15819209039548024,0.26291079812206575
iccad4,10,2,head_only,10,0.7162754914935344,0.4935897435897436,0.4350282485875706,0.4624624624624625
iccad4,10,2,adapted,10,0.7758327088349252,0.6049382716049383,0.5536723163841808,0.5781710914454278
iccad4,20,0,scratch,19,0.511064251585163,0.21052631578947367,0.022598870056497175,0.04081632653061224
iccad4,20,0,head_only,19,0.9116847638333041,0.2021709633649932,0.8418079096045198,0.32603938730853393
iccad4,20,0,adapted,19,0.9411172409394581,0.13333333333333333,0.9152542372881356,0.23275862068965517
iccad4,20,1,scratch,19,0.5563717439715973,0.7142857142857143,0.11299435028248588,0.1951219512195122
iccad4,20,1,head_only,19,0.6856880909482277,0.5789473684210527,0.3728813559322034,0.4536082474226804
iccad4,20,1,adapted,19,0.8975551551679237,0.3837837837837838,0.8022598870056498,0.5191956124314442
iccad4,20,2,scratch,19,0.5953396474108561,0.43037974683544306,0.192090395480226,0.265625
iccad4,20,2,head_only,19,0.8120855057905618,0.5414634146341464,0.6271186440677966,0.581151832460733
iccad4,20,2,adapted,19,0.8988251457605859,0.4913494809688581,0.8022598870056498,0.6094420600858369
iccad5,5,0,scratch,1,0.5,0.0,0.0,0.0
iccad5,5,0,head_only,1,0.9862526454208507,0.4,0.975609756097561,0.5673758865248227
iccad5,5,0,adapted,1,0.986356127596046,0.4166666666666667,0.975609756097561,0.583941605839416
iccad5,5,1,scratch,1,0.4990686604232421,0.0,0.0,0.0
iccad5,5,1,head_only,1,0.9863302570522472,0.41237113402061853,0.975609756097561,0.5797101449275363
iccad5,5,1,adapted,1,0.9862785159646494,0.40404040404040403,0.975609756097561,0.5714285714285714
iccad5,5,2,scratch,1,0.5,0.0,0.0,0.0
iccad5,5,2,head_only,1,0.9864337392274425,0.43010752688172044,0.975609756097561,0.5970149253731343
iccad5,5,2,adapted,1,0.9864596097712413,0.43478260869565216,0.975609756097561,0.6015037593984962
iccad5,10,0,scratch,3,0.5365853658536586,1.0,0.07317073170731707,0.13636363636363635
iccad5,10,0,head_only,3,0.986511350858839,0.4444444444444444,0.975609756097561,0.6106870229007634
iccad5,10,0,adapted,3,0.9863302570522472,0.41237113402061853,0.975609756097561,0.5797101449275363
iccad5,10,1,scratch,3,0.5363784015032679,0.2727272727272727,0.07317073170731707,0.11538461538461539
iccad5,10,1,head_only,3,0.9862009043332529,0.39215686274509803,0.975609756097561,0.5594405594405595
iccad5,10,1,adapted,3,0.9863302570522472,0.41237113402061853,0.975609756097561,0.5797101449275363
iccad5,10,2,scratch,3,0.5,0.0,0.0,0.0
iccad5,10,2,head_only,3,0.9863819981398447,0.42105263157894735,0.975609756097561,0.5882352941176471
iccad5,10,2,adapted,3,0.9864337392274425,0.43010752688172044,0.975609756097561,0.5970149253731343
iccad5,20,0,scratch,5,0.573170731707317,1.0,0.14634146341463414,0.2553191489361702
iccad5,20,0,head_only,5,0.9862267748770518,0.39603960396039606,0.975609756097561,0.5633802816901409
iccad5,20,0,adapted,5,0.9864596097712413,0.43478260869565216,0.975609756097561,0.6015037593984962
iccad5,20,1,scratch,5,0.6218477373369997,0.7142857142857143,0.24390243902439024,0.36363636363636365
iccad5,20,1,head_only,5,0.9863043865084483,0.40816326530612246,0.975609756097561,0.5755395683453237
iccad5,20,1,adapted,5,0.9866148330340343,0.46511627906976744,0.975609756097561,0.6299212598425197
iccad5,20,2,scratch,5,0.5844603846255775,0.16666666666666666,0.17073170731707318,0.1686746987951807
iccad5,20,2,head_only,5,0.9864854803150401,0.43956043956043955,0.975609756097561,0.6060606060606061
iccad5,20,2,adapted,5,0.9864337392274425,0.43010752688172044,0.975609756097561,0.5970149253731343
